<?xml version="1.0" encoding="UTF-8"?>
<document type="com.apple.InterfaceBuilder3.CocoaTouch.Storyboard.XIB" version="3.0" toolsVersion="21701" targetRuntime="iOS.CocoaTouch" propertyAccessControl="none" useAutolayout="YES" useTraitCollections="YES" useSafeAreas="YES" colorMatched="YES">
    <device id="retina6_12" orientation="portrait" appearance="light"/>
    <dependencies>
        <plugIn identifier="com.apple.InterfaceBuilder.IBCocoaTouchPlugin" version="21679"/>
        <capability name="Safe area layout guides" minToolsVersion="9.0"/>
        <capability name="System colors in document resources" minToolsVersion="11.0"/>
        <capability name="documents saved in the Xcode 8 format" minToolsVersion="8.0"/>
    </dependencies>
    <scenes>
        <!--Surveys-->
        <scene sceneID="7DF-t0-xoq">
            <objects>
                <viewController id="eXt-0w-05X" sceneMemberID="viewController">
                    <view key="view" contentMode="scaleToFill" id="qBt-7u-Qqg">
                        <rect key="frame" x="0.0" y="0.0" width="393" height="852"/>
                        <autoresizingMask key="autoresizingMask" widthSizable="YES" heightSizable="YES"/>
                        <subviews>
                            <tableView clipsSubviews="YES" contentMode="scaleToFill" fixedFrame="YES" alwaysBounceVertical="YES" dataMode="static" style="plain" separatorStyle="default" rowHeight="-1" estimatedRowHeight="-1" sectionHeaderHeight="-1" estimatedSectionHeaderHeight="-1" sectionFooterHeight="-1" estimatedSectionFooterHeight="-1" translatesAutoresizingMaskIntoConstraints="NO" id="4u2-xZ-bd7">
                                <rect key="frame" x="0.0" y="127" width="393" height="809"/>
                                <autoresizingMask key="autoresizingMask" flexibleMaxX="YES" flexibleMaxY="YES"/>
                                <color key="backgroundColor" white="0.0" alpha="1" colorSpace="custom" customColorSpace="genericGamma22GrayColorSpace"/>
                                <color key="sectionIndexColor" white="1" alpha="1" colorSpace="custom" customColorSpace="genericGamma22GrayColorSpace"/>
                                <color key="sectionIndexBackgroundColor" white="0.0" alpha="1" colorSpace="custom" customColorSpace="genericGamma22GrayColorSpace"/>
                                <sections>
                                    <tableViewSection id="Au8-NH-Dl9">
                                        <cells>
                                            <tableViewCell clipsSubviews="YES" contentMode="scaleToFill" preservesSuperviewLayoutMargins="YES" selectionStyle="default" indentationWidth="10" textLabel="nte-iT-cEI" detailTextLabel="SbZ-Lw-Jt7" rowHeight="49" style="IBUITableViewCellStyleSubtitle" id="VrF-pr-eFj">
                                                <rect key="frame" x="0.0" y="50" width="393" height="49"/>
                                                <autoresizingMask key="autoresizingMask"/>
                                                <tableViewCellContentView key="contentView" opaque="NO" clipsSubviews="YES" multipleTouchEnabled="YES" contentMode="center" preservesSuperviewLayoutMargins="YES" insetsLayoutMarginsFromSafeArea="NO" tableViewCell="VrF-pr-eFj" id="wZf-GB-ryO">
                                                    <rect key="frame" x="0.0" y="0.0" width="393" height="49"/>
                                                    <autoresizingMask key="autoresizingMask"/>
                                                    <subviews>
                                                        <label opaque="NO" multipleTouchEnabled="YES" contentMode="left" insetsLayoutMarginsFromSafeArea="NO" text="Name" textAlignment="natural" lineBreakMode="tailTruncation" baselineAdjustment="alignBaselines" adjustsFontSizeToFit="NO" id="nte-iT-cEI">
                                                            <rect key="frame" x="20" y="6" width="52" height="24"/>
                                                            <autoresizingMask key="autoresizingMask"/>
                                                            <fontDescription key="fontDescription" style="UICTFontTextStyleTitle3"/>
                                                            <color key="textColor" systemColor="systemOrangeColor"/>
                                                        </label>
                                                        <label opaque="NO" multipleTouchEnabled="YES" contentMode="left" insetsLayoutMarginsFromSafeArea="NO" text="Date of Survey" textAlignment="natural" lineBreakMode="tailTruncation" baselineAdjustment="alignBaselines" adjustsFontSizeToFit="NO" id="SbZ-Lw-Jt7">
                                                            <rect key="frame" x="20" y="29.999999999999996" width="83.666666666666671" height="14.333333333333334"/>
                                                            <autoresizingMask key="autoresizingMask"/>
                                                            <fontDescription key="fontDescription" type="system" pointSize="0.0"/>
                                                            <nil key="textColor"/>
                                                            <nil key="highlightedColor"/>
                                                        </label>
                                                    </subviews>
                                                </tableViewCellContentView>
                                            </tableViewCell>
                                        </cells>
                                    </tableViewSection>
                                </sections>
                                <connections>
                                    <outlet property="dataSource" destination="eXt-0w-05X" id="eJ6-Ka-WOY"/>
                                    <outlet property="delegate" destination="eXt-0w-05X" id="6Ec-UD-A0s"/>
                                </connections>
                            </tableView>
                            <label opaque="NO" userInteractionEnabled="NO" contentMode="left" horizontalHuggingPriority="251" verticalHuggingPriority="251" fixedFrame="YES" text="Label" textAlignment="natural" lineBreakMode="tailTruncation" baselineAdjustment="alignBaselines" adjustsFontSizeToFit="NO" translatesAutoresizingMaskIntoConstraints="NO" id="bCq-3i-V1z">
                                <rect key="frame" x="89" y="135" width="42" height="15"/>
                                <autoresizingMask key="autoresizingMask" flexibleMaxX="YES" flexibleMaxY="YES"/>
                                <fontDescription key="fontDescription" type="system" pointSize="17"/>
                                <nil key="textColor"/>
                                <nil key="highlightedColor"/>
                            </label>
                        </subviews>
                        <viewLayoutGuide key="safeArea" id="42Z-6r-cMU"/>
                        <color key="backgroundColor" white="0.0" alpha="1" colorSpace="custom" customColorSpace="genericGamma22GrayColorSpace"/>
                    </view>
                    <navigationItem key="navigationItem" title="Surveys" id="2uZ-20-g4S"/>
                    <connections>
                        <segue destination="dku-y0-t8J" kind="show" identifier="moreDetails" id="ZDs-3a-0TP"/>
                    </connections>
                </viewController>
                <placeholder placeholderIdentifier="IBFirstResponder" id="P51-d7-kp8" userLabel="First Responder" customClass="UIResponder" sceneMemberID="firstResponder"/>
            </objects>
            <point key="canvasLocation" x="3199.2366412213737" y="-425.35211267605638"/>
        </scene>
        <!--Information-->
        <scene sceneID="ytX-OR-seN">
            <objects>
                <viewController id="dku-y0-t8J" sceneMemberID="viewController">
                    <view key="view" contentMode="scaleToFill" id="cDk-4e-qU1">
                        <rect key="frame" x="0.0" y="0.0" width="393" height="852"/>
                        <autoresizingMask key="autoresizingMask" widthSizable="YES" heightSizable="YES"/>
                        <subviews>
                            <stackView opaque="NO" contentMode="scaleToFill" axis="vertical" distribution="fillEqually" spacing="3" translatesAutoresizingMaskIntoConstraints="NO" id="cJ1-t3-dJ2">
                                <rect key="frame" x="10" y="255" width="373" height="504"/>
                                <subviews>
                                    <stackView opaque="NO" contentMode="scaleToFill" distribution="fillEqually" spacing="2" translatesAutoresizingMaskIntoConstraints="NO" id="JFG-qf-Ndy">
                                        <rect key="frame" x="0.0" y="0.0" width="373" height="69.333333333333329"/>
                                        <subviews>
                                            <label opaque="NO" userInteractionEnabled="NO" contentMode="left" horizontalHuggingPriority="251" verticalHuggingPriority="251" text="Name" textAlignment="natural" lineBreakMode="tailTruncation" baselineAdjustment="alignBaselines" adjustsFontSizeToFit="NO" translatesAutoresizingMaskIntoConstraints="NO" id="cSk-ZQ-pfG">
                                                <rect key="frame" x="0.0" y="0.0" width="185.66666666666666" height="69.333333333333329"/>
                                                <color key="backgroundColor" systemColor="systemOrangeColor"/>
                                                <fontDescription key="fontDescription" type="boldSystem" pointSize="20"/>
                                                <nil key="textColor"/>
                                                <nil key="highlightedColor"/>
                                            </label>
                                            <label opaque="NO" userInteractionEnabled="NO" contentMode="left" horizontalHuggingPriority="251" verticalHuggingPriority="251" text="nameInfo" textAlignment="natural" lineBreakMode="tailTruncation" baselineAdjustment="alignBaselines" adjustsFontSizeToFit="NO" translatesAutoresizingMaskIntoConstraints="NO" id="D1F-nE-Zkh">
                                                <rect key="frame" x="187.66666666666663" y="0.0" width="185.33333333333337" height="69.333333333333329"/>
                                                <color key="backgroundColor" systemColor="systemOrangeColor"/>
                                                <fontDescription key="fontDescription" type="boldSystem" pointSize="20"/>
                                                <color key="textColor" white="1" alpha="1" colorSpace="custom" customColorSpace="genericGamma22GrayColorSpace"/>
                                                <color key="highlightedColor" white="1" alpha="1" colorSpace="custom" customColorSpace="genericGamma22GrayColorSpace"/>
                                            </label>
                                        </subviews>
                                    </stackView>
                                    <stackView opaque="NO" contentMode="scaleToFill" distribution="fillEqually" spacing="2" translatesAutoresizingMaskIntoConstraints="NO" id="qyV-z9-NuD">
                                        <rect key="frame" x="0.0" y="72.333333333333314" width="373" height="69.666666666666686"/>
                                        <subviews>
                                            <label opaque="NO" userInteractionEnabled="NO" contentMode="left" horizontalHuggingPriority="251" verticalHuggingPriority="251" text="Email" textAlignment="natural" lineBreakMode="tailTruncation" baselineAdjustment="alignBaselines" adjustsFontSizeToFit="NO" translatesAutoresizingMaskIntoConstraints="NO" id="Xkn-vx-PRr">
                                                <rect key="frame" x="0.0" y="0.0" width="185.66666666666666" height="69.666666666666671"/>
                                                <color key="backgroundColor" systemColor="systemOrangeColor"/>
                                                <fontDescription key="fontDescription" type="boldSystem" pointSize="20"/>
                                                <nil key="textColor"/>
                                                <nil key="highlightedColor"/>
                                            </label>
                                            <label opaque="NO" userInteractionEnabled="NO" contentMode="left" horizontalHuggingPriority="251" verticalHuggingPriority="251" text="emailInfo" textAlignment="natural" lineBreakMode="tailTruncation" baselineAdjustment="alignBaselines" adjustsFontSizeToFit="NO" translatesAutoresizingMaskIntoConstraints="NO" id="MjK-eh-sWY">
                                                <rect key="frame" x="187.66666666666663" y="0.0" width="185.33333333333337" height="69.666666666666671"/>
                                                <color key="backgroundColor" systemColor="systemOrangeColor"/>
                                                <fontDescription key="fontDescription" type="boldSystem" pointSize="20"/>
                                                <color key="textColor" white="1" alpha="1" colorSpace="custom" customColorSpace="genericGamma22GrayColorSpace"/>
                                                <nil key="highlightedColor"/>
                                            </label>
                                        </subviews>
                                    </stackView>
                                    <stackView opaque="NO" contentMode="scaleToFill" distribution="fillEqually" spacing="2" translatesAutoresizingMaskIntoConstraints="NO" id="zCx-Ra-osg">
                                        <rect key="frame" x="0.0" y="145" width="373" height="69.333333333333314"/>
                                        <subviews>
                                            <label opaque="NO" userInteractionEnabled="NO" contentMode="left" horizontalHuggingPriority="251" verticalHuggingPriority="251" text="Event" textAlignment="natural" lineBreakMode="tailTruncation" baselineAdjustment="alignBaselines" adjustsFontSizeToFit="NO" translatesAutoresizingMaskIntoConstraints="NO" id="lJm-Xi-W4N">
                                                <rect key="frame" x="0.0" y="0.0" width="185.66666666666666" height="69.333333333333329"/>
                                                <color key="backgroundColor" systemColor="systemOrangeColor"/>
                                                <fontDescription key="fontDescription" type="boldSystem" pointSize="20"/>
                                                <nil key="textColor"/>
                                                <nil key="highlightedColor"/>
                                            </label>
                                            <label opaque="NO" userInteractionEnabled="NO" contentMode="left" horizontalHuggingPriority="251" verticalHuggingPriority="251" text="ageInfo" textAlignment="natural" lineBreakMode="tailTruncation" baselineAdjustment="alignBaselines" adjustsFontSizeToFit="NO" translatesAutoresizingMaskIntoConstraints="NO" id="I4S-n0-Kia">
                                                <rect key="frame" x="187.66666666666663" y="0.0" width="185.33333333333337" height="69.333333333333329"/>
                                                <color key="backgroundColor" systemColor="systemOrangeColor"/>
                                                <fontDescription key="fontDescription" type="boldSystem" pointSize="20"/>
                                                <color key="textColor" white="1" alpha="1" colorSpace="custom" customColorSpace="genericGamma22GrayColorSpace"/>
                                                <nil key="highlightedColor"/>
                                            </label>
                                        </subviews>
                                    </stackView>
                                    <stackView opaque="NO" contentMode="scaleToFill" distribution="fillEqually" spacing="2" translatesAutoresizingMaskIntoConstraints="NO" id="mOh-22-CUC">
                                        <rect key="frame" x="0.0" y="217.33333333333331" width="373" height="69.333333333333314"/>
                                        <subviews>
                                            <label opaque="NO" userInteractionEnabled="NO" contentMode="left" horizontalHuggingPriority="251" verticalHuggingPriority="251" text="Comfort" textAlignment="natural" lineBreakMode="tailTruncation" baselineAdjustment="alignBaselines" adjustsFontSizeToFit="NO" translatesAutoresizingMaskIntoConstraints="NO" id="niJ-bg-ypc">
                                                <rect key="frame" x="0.0" y="0.0" width="185.66666666666666" height="69.333333333333329"/>
                                                <color key="backgroundColor" systemColor="systemOrangeColor"/>
                                                <fontDescription key="fontDescription" type="boldSystem" pointSize="20"/>
                                                <nil key="textColor"/>
                                                <nil key="highlightedColor"/>
                                            </label>
                                            <label opaque="NO" userInteractionEnabled="NO" contentMode="left" horizontalHuggingPriority="251" verticalHuggingPriority="251" text="comfortInfo" textAlignment="natural" lineBreakMode="tailTruncation" baselineAdjustment="alignBaselines" adjustsFontSizeToFit="NO" translatesAutoresizingMaskIntoConstraints="NO" id="zW1-ww-DnJ">
                                                <rect key="frame" x="187.66666666666663" y="0.0" width="185.33333333333337" height="69.333333333333329"/>
                                                <color key="backgroundColor" systemColor="systemOrangeColor"/>
                                                <fontDescription key="fontDescription" type="boldSystem" pointSize="20"/>
                                                <color key="textColor" white="1" alpha="1" colorSpace="custom" customColorSpace="genericGamma22GrayColorSpace"/>
                                                <nil key="highlightedColor"/>
                                            </label>
                                        </subviews>
                                    </stackView>
                                    <stackView opaque="NO" contentMode="scaleToFill" distribution="fillEqually" spacing="2" translatesAutoresizingMaskIntoConstraints="NO" id="hBI-bl-SHa">
                                        <rect key="frame" x="0.0" y="289.66666666666663" width="373" height="69.333333333333314"/>
                                        <subviews>
                                            <label opaque="NO" userInteractionEnabled="NO" contentMode="left" horizontalHuggingPriority="251" verticalHuggingPriority="251" text="Safety" textAlignment="natural" lineBreakMode="tailTruncation" baselineAdjustment="alignBaselines" adjustsFontSizeToFit="NO" translatesAutoresizingMaskIntoConstraints="NO" id="n7I-4b-Dnf">
                                                <rect key="frame" x="0.0" y="0.0" width="185.66666666666666" height="69.333333333333329"/>
                                                <color key="backgroundColor" systemColor="systemOrangeColor"/>
                                                <fontDescription key="fontDescription" type="boldSystem" pointSize="20"/>
                                                <nil key="textColor"/>
                                                <nil key="highlightedColor"/>
                                            </label>
                                            <label opaque="NO" userInteractionEnabled="NO" contentMode="left" horizontalHuggingPriority="251" verticalHuggingPriority="251" text="safetyInfo" textAlignment="natural" lineBreakMode="tailTruncation" baselineAdjustment="alignBaselines" adjustsFontSizeToFit="NO" translatesAutoresizingMaskIntoConstraints="NO" id="jKx-Zh-I4S">
                                                <rect key="frame" x="187.66666666666663" y="0.0" width="185.33333333333337" height="69.333333333333329"/>
                                                <color key="backgroundColor" systemColor="systemOrangeColor"/>
                                                <fontDescription key="fontDescription" type="boldSystem" pointSize="20"/>
                                                <color key="textColor" white="1" alpha="1" colorSpace="custom" customColorSpace="genericGamma22GrayColorSpace"/>
                                                <nil key="highlightedColor"/>
                                            </label>
                                        </subviews>
                                    </stackView>
                                    <stackView opaque="NO" contentMode="scaleToFill" distribution="fillEqually" spacing="2" translatesAutoresizingMaskIntoConstraints="NO" id="JWo-58-6fE">
                                        <rect key="frame" x="0.0" y="362" width="373" height="69.666666666666686"/>
                                        <subviews>
                                            <label opaque="NO" userInteractionEnabled="NO" contentMode="left" horizontalHuggingPriority="251" verticalHuggingPriority="251" text="Security" textAlignment="natural" lineBreakMode="tailTruncation" baselineAdjustment="alignBaselines" adjustsFontSizeToFit="NO" translatesAutoresizingMaskIntoConstraints="NO" id="Jit-TB-hKf">
                                                <rect key="frame" x="0.0" y="0.0" width="185.66666666666666" height="69.666666666666671"/>
                                                <color key="backgroundColor" systemColor="systemOrangeColor"/>
                                                <fontDescription key="fontDescription" type="boldSystem" pointSize="20"/>
                                                <nil key="textColor"/>
                                                <nil key="highlightedColor"/>
                                            </label>
                                            <label opaque="NO" userInteractionEnabled="NO" contentMode="left" horizontalHuggingPriority="251" verticalHuggingPriority="251" text="securityInfo" textAlignment="natural" lineBreakMode="tailTruncation" baselineAdjustment="alignBaselines" adjustsFontSizeToFit="NO" translatesAutoresizingMaskIntoConstraints="NO" id="toX-N3-OVQ">
                                                <rect key="frame" x="187.66666666666663" y="0.0" width="185.33333333333337" height="69.666666666666671"/>
                                                <color key="backgroundColor" systemColor="systemOrangeColor"/>
                                                <fontDescription key="fontDescription" type="boldSystem" pointSize="20"/>
                                                <color key="textColor" white="1" alpha="1" colorSpace="custom" customColorSpace="genericGamma22GrayColorSpace"/>
                                                <nil key="highlightedColor"/>
                                            </label>
                                        </subviews>
                                    </stackView>
                                    <stackView opaque="NO" contentMode="scaleToFill" distribution="fillEqually" spacing="2" translatesAutoresizingMaskIntoConstraints="NO" id="jmx-sF-jsr">
                                        <rect key="frame" x="0.0" y="434.66666666666663" width="373" height="69.333333333333314"/>
                                        <subviews>
                                            <label opaque="NO" userInteractionEnabled="NO" contentMode="left" horizontalHuggingPriority="251" verticalHuggingPriority="251" text="Date" textAlignment="natural" lineBreakMode="tailTruncation" baselineAdjustment="alignBaselines" adjustsFontSizeToFit="NO" translatesAutoresizingMaskIntoConstraints="NO" id="sun-aG-pK7">
                                                <rect key="frame" x="0.0" y="0.0" width="185.66666666666666" height="69.333333333333329"/>
                                                <color key="backgroundColor" systemColor="systemOrangeColor"/>
                                                <fontDescription key="fontDescription" type="boldSystem" pointSize="20"/>
                                                <nil key="textColor"/>
                                                <nil key="highlightedColor"/>
                                            </label>
                                            <label opaque="NO" userInteractionEnabled="NO" contentMode="left" horizontalHuggingPriority="251" verticalHuggingPriority="251" text="dateInfo" textAlignment="natural" lineBreakMode="tailTruncation" baselineAdjustment="alignBaselines" adjustsFontSizeToFit="NO" translatesAutoresizingMaskIntoConstraints="NO" id="CCl-xA-Eqe">
                                                <rect key="frame" x="187.66666666666663" y="0.0" width="185.33333333333337" height="69.333333333333329"/>
                                                <color key="backgroundColor" systemColor="systemOrangeColor"/>
                                                <fontDescription key="fontDescription" type="boldSystem" pointSize="20"/>
                                                <color key="textColor" white="1" alpha="1" colorSpace="custom" customColorSpace="genericGamma22GrayColorSpace"/>
                                                <nil key="highlightedColor"/>
                                            </label>
                                        </subviews>
                                    </stackView>
                                </subviews>
                            </stackView>
                        </subviews>
                        <viewLayoutGuide key="safeArea" id="KKB-2b-9vc"/>
                        <color key="backgroundColor" white="0.0" alpha="1" colorSpace="custom" customColorSpace="genericGamma22GrayColorSpace"/>
                        <constraints>
                            <constraint firstItem="KKB-2b-9vc" firstAttribute="trailing" secondItem="cJ1-t3-dJ2" secondAttribute="trailing" constant="10" id="7CV-lT-orE"/>
                            <constraint firstItem="KKB-2b-9vc" firstAttribute="bottom" secondItem="cJ1-t3-dJ2" secondAttribute="bottom" constant="10" id="EAi-06-SWd"/>
                            <constraint firstItem="cJ1-t3-dJ2" firstAttribute="top" secondItem="KKB-2b-9vc" secondAttribute="top" constant="100" id="YsI-kv-AUT"/>
                            <constraint firstItem="cJ1-t3-dJ2" firstAttribute="leading" secondItem="KKB-2b-9vc" secondAttribute="leading" constant="10" id="cX0-ZN-Cv9"/>
                        </constraints>
                    </view>
                    <navigationItem key="navigationItem" title="Information" id="MtU-Or-3K3"/>
                </viewController>
                <placeholder placeholderIdentifier="IBFirstResponder" id="Ipk-7Z-g45" userLabel="First Responder" customClass="UIResponder" sceneMemberID="firstResponder"/>
            </objects>
            <point key="canvasLocation" x="4006.8702290076335" y="-425.35211267605638"/>
        </scene>
        <!--Stadium Survey-->
        <scene sceneID="tne-QT-ifu">
            <objects>
                <viewController id="BYZ-38-t0r" customClass="ViewController" customModule="SportsProject" customModuleProvider="target" sceneMemberID="viewController">
                    <view key="view" contentMode="scaleToFill" id="8bC-Xf-vdC">
                        <rect key="frame" x="0.0" y="0.0" width="393" height="852"/>
                        <autoresizingMask key="autoresizingMask" widthSizable="YES" heightSizable="YES"/>
                        <subviews>
                            <textField opaque="NO" contentMode="scaleToFill" horizontalHuggingPriority="248" fixedFrame="YES" contentHorizontalAlignment="left" contentVerticalAlignment="center" text="Enter Name" borderStyle="roundedRect" textAlignment="center" minimumFontSize="17" translatesAutoresizingMaskIntoConstraints="NO" id="tN3-sK-CWz">
                                <rect key="frame" x="16" y="156" width="361" height="34"/>
                                <autoresizingMask key="autoresizingMask" flexibleMaxX="YES" flexibleMaxY="YES"/>
                                <fontDescription key="fontDescription" type="system" pointSize="14"/>
                                <textInputTraits key="textInputTraits"/>
                            </textField>
                            <textField opaque="NO" contentMode="scaleToFill" horizontalHuggingPriority="248" fixedFrame="YES" contentHorizontalAlignment="left" contentVerticalAlignment="center" text="Email" borderStyle="roundedRect" textAlignment="center" minimumFontSize="17" translatesAutoresizingMaskIntoConstraints="NO" id="Zfm-dC-gQO">
                                <rect key="frame" x="16" y="198" width="361" height="34"/>
                                <autoresizingMask key="autoresizingMask" flexibleMaxX="YES" flexibleMaxY="YES"/>
                                <fontDescription key="fontDescription" type="system" pointSize="14"/>
                                <textInputTraits key="textInputTraits"/>
                            </textField>
                            <textField opaque="NO" contentMode="scaleToFill" horizontalHuggingPriority="248" fixedFrame="YES" contentHorizontalAlignment="left" contentVerticalAlignment="center" text="Phone" borderStyle="roundedRect" textAlignment="center" minimumFontSize="17" translatesAutoresizingMaskIntoConstraints="NO" id="nec-io-KMu">
                                <rect key="frame" x="16" y="240" width="361" height="34"/>
                                <autoresizingMask key="autoresizingMask" flexibleMaxX="YES" flexibleMaxY="YES"/>
                                <fontDescription key="fontDescription" type="system" pointSize="14"/>
                                <textInputTraits key="textInputTraits"/>
                            </textField>
                            <datePicker contentMode="scaleToFill" fixedFrame="YES" contentHorizontalAlignment="center" contentVerticalAlignment="center" datePickerMode="date" useCurrentDate="NO" translatesAutoresizingMaskIntoConstraints="NO" id="Q5a-4D-U8A">
                                <rect key="frame" x="8" y="293" width="377" height="264"/>
                                <autoresizingMask key="autoresizingMask" widthSizable="YES" flexibleMaxY="YES"/>
                                <color key="backgroundColor" systemColor="systemOrangeColor"/>
                                <date key="date" timeIntervalSinceReferenceDate="713886004.15305805">
                                    <!--2023-08-16 13:40:04 +0000-->
                                </date>
                            </datePicker>
                            <segmentedControl opaque="NO" contentMode="scaleToFill" fixedFrame="YES" contentHorizontalAlignment="left" contentVerticalAlignment="top" segmentControlStyle="plain" selectedSegmentIndex="0" translatesAutoresizingMaskIntoConstraints="NO" id="kvA-cN-C6O">
                                <rect key="frame" x="86" y="586" width="299" height="32"/>
                                <autoresizingMask key="autoresizingMask" flexibleMaxX="YES" flexibleMaxY="YES"/>
                                <color key="backgroundColor" white="0.0" alpha="1" colorSpace="custom" customColorSpace="genericGamma22GrayColorSpace"/>
                                <segments>
                                    <segment title="1"/>
                                    <segment title="2"/>
                                    <segment title="3"/>
                                    <segment title="4"/>
                                    <segment title="5"/>
                                </segments>
                                <color key="selectedSegmentTintColor" white="1" alpha="1" colorSpace="custom" customColorSpace="genericGamma22GrayColorSpace"/>
                            </segmentedControl>
                            <segmentedControl opaque="NO" contentMode="scaleToFill" fixedFrame="YES" contentHorizontalAlignment="left" contentVerticalAlignment="top" segmentControlStyle="plain" selectedSegmentIndex="0" translatesAutoresizingMaskIntoConstraints="NO" id="oRM-pT-vf1">
                                <rect key="frame" x="86" y="638" width="299" height="32"/>
                                <autoresizingMask key="autoresizingMask" flexibleMaxX="YES" flexibleMaxY="YES"/>
                                <color key="backgroundColor" white="0.0" alpha="1" colorSpace="custom" customColorSpace="genericGamma22GrayColorSpace"/>
                                <segments>
                                    <segment title="1"/>
                                    <segment title="2"/>
                                    <segment title="3"/>
                                    <segment title="4"/>
                                    <segment title="5"/>
                                </segments>
                                <color key="selectedSegmentTintColor" white="1" alpha="1" colorSpace="custom" customColorSpace="genericGamma22GrayColorSpace"/>
                            </segmentedControl>
                            <segmentedControl opaque="NO" contentMode="scaleToFill" fixedFrame="YES" contentHorizontalAlignment="left" contentVerticalAlignment="top" segmentControlStyle="plain" selectedSegmentIndex="0" translatesAutoresizingMaskIntoConstraints="NO" id="Gnf-vY-izh">
                                <rect key="frame" x="86" y="688" width="299" height="32"/>
                                <autoresizingMask key="autoresizingMask" flexibleMaxX="YES" flexibleMaxY="YES"/>
                                <color key="backgroundColor" white="0.0" alpha="1" colorSpace="custom" customColorSpace="genericGamma22GrayColorSpace"/>
                                <segments>
                                    <segment title="1"/>
                                    <segment title="2"/>
                                    <segment title="3"/>
                                    <segment title="4"/>
                                    <segment title="5"/>
                                </segments>
                                <color key="selectedSegmentTintColor" white="1" alpha="1" colorSpace="custom" customColorSpace="genericGamma22GrayColorSpace"/>
                            </segmentedControl>
                            <label opaque="NO" userInteractionEnabled="NO" contentMode="left" horizontalHuggingPriority="251" verticalHuggingPriority="251" fixedFrame="YES" text="Comfort" textAlignment="natural" lineBreakMode="tailTruncation" baselineAdjustment="alignBaselines" adjustsFontSizeToFit="NO" translatesAutoresizingMaskIntoConstraints="NO" id="FMu-cB-way">
                                <rect key="frame" x="8" y="582" width="70" height="39"/>
                                <autoresizingMask key="autoresizingMask" flexibleMaxX="YES" flexibleMaxY="YES"/>
                                <fontDescription key="fontDescription" type="system" pointSize="17"/>
                                <color key="textColor" systemColor="systemOrangeColor"/>
                                <nil key="highlightedColor"/>
                            </label>
                            <label opaque="NO" userInteractionEnabled="NO" contentMode="left" horizontalHuggingPriority="251" verticalHuggingPriority="251" fixedFrame="YES" text="Safety" textAlignment="natural" lineBreakMode="tailTruncation" baselineAdjustment="alignBaselines" adjustsFontSizeToFit="NO" translatesAutoresizingMaskIntoConstraints="NO" id="ozX-C7-7Kd">
                                <rect key="frame" x="8" y="634" width="70" height="39"/>
                                <autoresizingMask key="autoresizingMask" flexibleMaxX="YES" flexibleMaxY="YES"/>
                                <fontDescription key="fontDescription" type="system" pointSize="17"/>
                                <color key="textColor" systemColor="systemOrangeColor"/>
                                <nil key="highlightedColor"/>
                            </label>
                            <label opaque="NO" userInteractionEnabled="NO" contentMode="left" horizontalHuggingPriority="251" verticalHuggingPriority="251" fixedFrame="YES" text="Security" textAlignment="natural" lineBreakMode="tailTruncation" baselineAdjustment="alignBaselines" adjustsFontSizeToFit="NO" translatesAutoresizingMaskIntoConstraints="NO" id="4PU-kO-yJM">
                                <rect key="frame" x="8" y="688" width="70" height="39"/>
                                <autoresizingMask key="autoresizingMask" flexibleMaxX="YES" flexibleMaxY="YES"/>
                                <fontDescription key="fontDescription" type="system" pointSize="17"/>
                                <color key="textColor" systemColor="systemOrangeColor"/>
                                <nil key="highlightedColor"/>
                            </label>
                            <stackView opaque="NO" contentMode="scaleToFill" fixedFrame="YES" distribution="fillEqually" spacing="8" translatesAutoresizingMaskIntoConstraints="NO" id="A7w-eY-w4c">
                                <rect key="frame" x="29" y="767" width="330.66666666666669" height="34.333333333333371"/>
                                <subviews>
                                    <button opaque="NO" contentMode="scaleToFill" contentHorizontalAlignment="center" contentVerticalAlignment="center" buttonType="system" lineBreakMode="middleTruncation" translatesAutoresizingMaskIntoConstraints="NO" id="2lg-Ym-drR">
                                        <rect key="frame" x="0.0" y="0.0" width="76.666666666666671" height="34.333333333333336"/>
                                        <state key="normal" title="Button"/>
                                        <buttonConfiguration key="configuration" style="plain" title="Save">
                                            <color key="baseForegroundColor" systemColor="systemOrangeColor"/>
                                        </buttonConfiguration>
                                    </button>
                                    <button opaque="NO" contentMode="scaleToFill" contentHorizontalAlignment="center" contentVerticalAlignment="center" lineBreakMode="middleTruncation" translatesAutoresizingMaskIntoConstraints="NO" id="RUX-WZ-PqZ">
                                        <rect key="frame" x="84.666666666666657" y="0.0" width="76.666666666666657" height="34.333333333333336"/>
                                        <state key="normal" title="Button"/>
                                        <buttonConfiguration key="configuration" style="plain" title="+">
                                            <color key="baseForegroundColor" systemColor="systemOrangeColor"/>
                                        </buttonConfiguration>
                                    </button>
                                    <button opaque="NO" contentMode="scaleToFill" contentHorizontalAlignment="center" contentVerticalAlignment="center" buttonType="system" lineBreakMode="middleTruncation" translatesAutoresizingMaskIntoConstraints="NO" id="09q-N2-qgP">
                                        <rect key="frame" x="169.33333333333334" y="0.0" width="76.666666666666657" height="34.333333333333336"/>
                                        <state key="normal" title="Button"/>
                                        <buttonConfiguration key="configuration" style="plain" title="Cancel">
                                            <color key="baseForegroundColor" systemColor="systemRedColor"/>
                                        </buttonConfiguration>
                                    </button>
                                    <button opaque="NO" contentMode="scaleToFill" contentHorizontalAlignment="center" contentVerticalAlignment="center" lineBreakMode="middleTruncation" translatesAutoresizingMaskIntoConstraints="NO" id="RVV-Xz-8MQ">
                                        <rect key="frame" x="253.99999999999997" y="0.0" width="76.666666666666657" height="34.333333333333336"/>
                                        <state key="normal" title="Button"/>
                                        <buttonConfiguration key="configuration" style="plain" image="book" catalog="system">
                                            <color key="baseForegroundColor" white="1" alpha="1" colorSpace="custom" customColorSpace="genericGamma22GrayColorSpace"/>
                                        </buttonConfiguration>
                                    </button>
                                </subviews>
                            </stackView>
                        </subviews>
                        <viewLayoutGuide key="safeArea" id="6Tk-OE-BBY"/>
                        <color key="backgroundColor" white="0.0" alpha="1" colorSpace="custom" customColorSpace="genericGamma22GrayColorSpace"/>
                        <color key="tintColor" white="1" alpha="1" colorSpace="custom" customColorSpace="genericGamma22GrayColorSpace"/>
                    </view>
                    <toolbarItems/>
                    <navigationItem key="navigationItem" title="Stadium Survey" id="NG0-6e-Nd5"/>
                    <simulatedToolbarMetrics key="simulatedBottomBarMetrics"/>
                    <connections>
                        <segue destination="eXt-0w-05X" kind="show" id="32x-9E-uzF"/>
                    </connections>
                </viewController>
                <placeholder placeholderIdentifier="IBFirstResponder" id="dkx-z0-nzr" sceneMemberID="firstResponder"/>
            </objects>
            <point key="canvasLocation" x="2412.9770992366412" y="-425.35211267605638"/>
        </scene>
        <!--Navigation Controller-->
        <scene sceneID="9Ki-b3-Pc1">
            <objects>
                <navigationController automaticallyAdjustsScrollViewInsets="NO" id="sB6-oL-8QB" sceneMemberID="viewController">
                    <toolbarItems/>
                    <navigationBar key="navigationBar" contentMode="scaleToFill" largeTitles="YES" id="hny-d9-hHw">
                        <rect key="frame" x="0.0" y="59" width="393" height="96"/>
                        <autoresizingMask key="autoresizingMask"/>
                        <textAttributes key="largeTitleTextAttributes">
                            <color key="textColor" systemColor="systemOrangeColor"/>
                        </textAttributes>
                    </navigationBar>
                    <nil name="viewControllers"/>
                    <connections>
                        <segue destination="BYZ-38-t0r" kind="relationship" relationship="rootViewController" id="yly-Rx-9WN"/>
                    </connections>
                </navigationController>
                <placeholder placeholderIdentifier="IBFirstResponder" id="ACn-L8-KmZ" userLabel="First Responder" customClass="UIResponder" sceneMemberID="firstResponder"/>
            </objects>
            <point key="canvasLocation" x="1486.2595419847328" y="-425.35211267605638"/>
        </scene>
    </scenes>
    <resources>
        <image name="book" catalog="system" width="128" height="99"/>
        <systemColor name="systemOrangeColor">
            <color red="1" green="0.58431372549019611" blue="0.0" alpha="1" colorSpace="custom" customColorSpace="sRGB"/>
        </systemColor>
        <systemColor name="systemRedColor">
            <color red="1" green="0.23137254901960785" blue="0.18823529411764706" alpha="1" colorSpace="custom" customColorSpace="sRGB"/>
        </systemColor>
    </resources>
</document>
